"COMPANY","Balanced Accuracy","Accuracy","Sensitivity","Specificity","PPV","NPV","Recall","F-Measure","Total","TP","FP","TN","FN","Equivocal","Out of Domain"
"Apple",0.36160714285714285,0.36666666666666664,0.2857142857142857,0.4375,0.3076923076923077,0.4117647058823529,0.2857142857142857,0.29629629629629634,30,4,9,7,10,0,0
"Boeing",0.4095022624434389,0.43333333333333335,0.5882352941176471,0.23076923076923078,0.5,0.3,0.5882352941176471,0.5405405405405405,30,10,10,3,7,0,0
"Google",0.5585714285714286,0.6153846153846154,0.35714285714285715,0.76,0.45454545454545453,0.6785714285714286,0.35714285714285715,0.4,39,5,6,19,9,0,0
"INTC",0.04,0.5555555555555556,0.6333333333333333,0.16666666666666666,0.9444444444444444,0.6666666666666666,0.6296296296296297,0.16666666666666666,0.26666666666666666,30,2,1,17,10,0,0
"JPMorgan Chase",0.5,0.5666666666666667,1.0,0.0,0.5666666666666667,NaN,1.0,0.7234042553191489,30,17,13,0,0,0,0
"Merck",0.0,0.41418764302059496,0.42857142857142855,0.2631578947368421,0.5652173913043478,0.3333333333333333,0.48148148148148145,0.2631578947368421,0.29411764705882354,42,5,10,13,14,0,0
"Procter & Gamble",0.361244019138756,0.43333333333333335,0.09090909090909091,0.631578947368421,0.125,0.5454545454545454,0.09090909090909091,0.10526315789473685,30,1,7,12,10,0,0
"Walmart",0.07,0.39285714285714285,0.4,0.5,0.2857142857142857,0.4444444444444444,0.3333333333333333,0.5,0.47058823529411764,30,8,10,4,8,0,0
