"COMPANY","Balanced Accuracy","Accuracy","Sensitivity","Specificity","PPV","NPV","Recall","F-Measure","Total","TP","FP","TN","FN","Equivocal","Out of Domain"
"Apple",0.4577922077922078,0.48,0.2727272727272727,0.6428571428571429,0.375,0.5294117647058824,0.2727272727272727,0.3157894736842105,25,3,5,9,8,0,0
"Boeing",0.4391025641025641,0.44,0.46153846153846156,0.4166666666666667,0.46153846153846156,0.4166666666666667,0.46153846153846156,0.46153846153846156,25,6,7,5,7,0,0
"Google",0.6666666666666667,0.72,0.4,0.9333333333333333,0.8,0.7,0.4,0.5333333333333333,25,4,1,14,6,0,0
"Intel",0.5166666666666666,0.56,0.3,0.7333333333333333,0.42857142857142855,0.6111111111111112,0.3,0.3529411764705882,25,3,4,11,7,0,0
"Merck",0.0,0.27884615384615385,0.28,0.3076923076923077,0.25,0.3076923076923077,0.25,0.3076923076923077,0.3076923076923077,25,4,9,3,9,0,0
"Morgan Chase",0.05,0.4618055555555556,0.56,0.8125,0.1111111111111111,0.6190476190476191,0.25,0.8125,0.7027027027027026,25,13,8,1,3,0,0
"p&g",0.3557692307692308,0.36,0.25,0.46153846153846156,0.3,0.4,0.25,0.2727272727272727,25,3,7,6,9,0,0
"Walmart",0.02,0.5,0.68,0.0,1.0,NaN,0.68,0.0,NaN,25,0,0,17,8,0,0
