"COMPANY","Balanced Accuracy","Accuracy","Sensitivity","Specificity","PPV","NPV","Recall","F-Measure","Total","TP","FP","TN","FN","Equivocal","Out of Domain"
"Apple",0.38888888888888884,0.42857142857142855,0.1111111111111111,0.6666666666666666,0.2,0.5,0.1111111111111111,0.14285714285714285,21,1,4,8,8,0,0
"Boeing",0.38888888888888884,0.42857142857142855,0.1111111111111111,0.6666666666666666,0.2,0.5,0.1111111111111111,0.14285714285714285,21,1,4,8,8,0,0
"Google",0.43333333333333335,0.6190476190476191,0.0,0.8666666666666667,0.0,0.6842105263157895,0.0,NaN,21,0,2,13,6,0,0
"Intel",0.25,0.2857142857142857,0.0,0.5,0.0,0.4,0.0,NaN,21,0,6,6,9,0,0
"Merck",0.03,0.32727272727272727,0.3333333333333333,0.45454545454545453,0.2,0.38461538461538464,0.25,0.45454545454545453,0.41666666666666663,21,5,8,2,6,0,0
"Morgan Chase",0.0,0.5,0.5714285714285714,1.0,0.0,0.5714285714285714,NaN,1.0,0.7272727272727273,21,12,9,0,0,0,0
"p&g",0.5961538461538461,0.6190476190476191,0.6923076923076923,0.5,0.6923076923076923,0.5,0.6923076923076923,0.6923076923076923,21,9,4,4,4,0,0
"Walmart",0.42857142857142855,0.5714285714285714,0.0,0.8571428571428571,0.0,0.631578947368421,0.0,NaN,21,0,2,12,7,0,0
